epsilon,violation,accuracy,coverage
8.72624688810856,0.0100793851112672,83.37368845843422,0.826
5.991520915077168,0.0991791440052151,80.1616458486407,0.9073333333333332
2.99750958353545,0.2267551055547015,76.73469387755102,0.98
1.9900386637816347,0.1556658403115794,73.73333333333333,1.0
8.997887690291154,0.1980976689654339,80.3475935828877,0.9973333333333332
8.999322199881579,0.1903457474317485,80.6,1.0
9.996139185682043,0.2239798279800676,81.18745830553702,0.9993333333333332
0.9917119012546116,0.0849464927461446,67.8,1.0
0.9917119012546116,0.0849464927461446,67.8,1.0
